Anode No,Anode Category,EL. Zone (m),"Depletion 
May 2001","Depletion 
Feb 2014","Depletion 
April 2016","Depletion 
July 2024",Depletion Category,Unnamed: 8,Ia,Unnamed: 10,Unnamed: 11,Anode Stage (Ori),Anode Quantity (Ori),Ia' (A'),∑Ia' (A'),Unnamed: 16,Anode Stage (retrofit),Anode Quantity (retrofit),Ia_r(A_r),∑Ia_r(A_r)
BAN001,Original,-6.8,0.1,21-30%,26-50%,,2.0,,1.5305469997246555,,,Depleted 2014,1.0,3.408004337503666,3.408004337503666,,,0.0,0.0,0.0
BAN002,Original,-6.8,0.1,21-30%,26-50%,,2.0,,1.5305469997246555,,,76-100% ,71.0,3.061100146467988,217.33811039922716,,76-100% ,0.0,9.760558026597392,0.0
BAN003,Original,-6.8,0.1,,26-50%,,2.0,,1.5305469997246555,,,51-75%,224.0,2.2958371011935386,514.2675106673527,,51-75%,0.0,7.320456755284739,0.0
BAN004,Original,-6.8,0.1,,26-50%,,2.0,,1.5305469997246555,,,26-50%,201.0,1.5305469997246555,307.6399469446558,,26-50%,0.0,4.880269213172987,0.0
BAN005,Original,-10.8,0.1,,51-75%,,3.0,,2.2958371011935386,,,1-25%,4.0,0.7652696676314977,3.061078670525991,,1-25%,60.0,2.440122387217771,146.40734323306626
BAN006,Original,-11.3,0.1,,51-75%,,3.0,,2.2958371011935386,,,,,,,,,,,
BAN007,Original,-6.87,0.1,,26-50%,,2.0,,1.5305469997246555,,,,501.0,,1045.7146510192654,,,60.0,,146.40734323306626
BAN008,Original,-6.87,0.1,,26-50%,,2.0,,1.5305469997246555,,,,,,,,,,,
BAN009,Original,-13.9,0.1,,51-75%,,3.0,,2.2958371011935386,,,,,,,,,,,
BAN010,Original,-13.6,0.1,,51-75%,,3.0,,2.2958371011935386,,,,,,,,,,,
BAN011,Original,-14.3,0.1,,51-75%,,3.0,,2.2958371011935386,,,,,,,,,,,
BAN012,Original,14.7,0.1,,51-75%,,3.0,,2.2958371011935386,,,,,,,,,,,
BAN013,Original,-13.6,0.1,,26-50%,,2.0,,1.5305469997246555,,,,,,,,,,,
BAN014,Original,-9.25,0.1,,51-75%,,3.0,,2.2958371011935386,,,,,,,,,,,
BAN015,Original,-9.25,0.1,,51-75%,,3.0,,2.2958371011935386,,,,,,,,,,,
BAN016,Original,-9.25,0.1,,26-50%,,2.0,,1.5305469997246555,,,,,,,,,,,
BAN017,Original,-12.6,0.1,,51-75%,,3.0,,2.2958371011935386,,,,,,,,,,,
BAN018,Original,-9.25,0.1,,26-50%,,2.0,,1.5305469997246555,,,,,,,,,,,
BAN019,Original,-9.25,0.1,,26-50%,,2.0,,1.5305469997246555,,,,,,,,,,,
BAN020,Original,-15.0,0.1,,26-50%,,2.0,,1.5305469997246555,,,,,,,,,,,
BAN021,Original,-13.6,0.1,,26-50%,,2.0,,1.5305469997246555,,,,,,,,,,,
BAN022,Original,13.7,0.1,,26-50%,,2.0,,1.5305469997246555,,,,,,,,,,,
BAN023,Original,-13.1,0.1,,26-50%,,2.0,,1.5305469997246555,,,,,,,,,,,
BAN024,Original,15.5,0.1,,26-50%,,2.0,,1.5305469997246555,,,,,,,,,,,
BAN025,Original,-14.0,0.1,,26-50%,,2.0,,1.5305469997246555,,,,,,,,,,,
BAN026,Original,-14.0,0.1,,51-75%,,3.0,,2.2958371011935386,,,,,,,,,,,
BAN027,Original,-14.0,0.1,,51-75%,,3.0,,2.2958371011935386,,,,,,,,,,,
BAN028,Original,-14.0,0.1,,51-75%,,3.0,,2.2958371011935386,,,,,,,,,,,
BAN029,Original,-14.0,0.1,,26-50%,,2.0,,1.5305469997246555,,,,,,,,,,,
BAN030,Original,-17.4,0.1,,26-50%,,2.0,,1.5305469997246555,,,,,,,,,,,
BAN031,Original,-14.0,0.1,,26-50%,,2.0,,1.5305469997246555,,,,,,,,,,,
BAN032,Original,-14.0,0.1,,26-50%,,2.0,,1.5305469997246555,,,,,,,,,,,
BAN033,Original,-18.0,0.1,,26-50%,,2.0,,1.5305469997246555,,,,,,,,,,,
BAN034,Original,-14.0,0.1,,26-50%,,2.0,,1.5305469997246555,,,,,,,,,,,
BAN035,Original,-14.0,0.1,,51-75%,,3.0,,2.2958371011935386,,,,,,,,,,,
BAN036,Original,-14.0,0.1,,51-75%,,3.0,,2.2958371011935386,,,,,,,,,,,
BAN037,Original,-20.0,0.1,,26-50%,,2.0,,1.5305469997246555,,,,,,,,,,,
BAN038,Original,-20.0,0.1,,26-50%,,2.0,,1.5305469997246555,,,,,,,,,,,
BAN039,Original,-20.0,0.1,,26-50%,,2.0,,1.5305469997246555,,,,,,,,,,,
BAN040,Original,-20.0,0.1,,26-50%,,2.0,,1.5305469997246555,,,,,,,,,,,
BAN041,Original,-20.0,0.1,,51-75%,,3.0,,2.2958371011935386,,,,,,,,,,,
BAN042,Original,-20.0,0.1,,51-75%,,3.0,,2.2958371011935386,,,,,,,,,,,
BAN043,Original,-20.0,0.1,,1-25%,,1.0,,0.7652696676314977,,,,,,,,,,,
BAN044,Original,-20.0,0.1,,1-25%,,1.0,,0.7652696676314977,,,,,,,,,,,
BAN045,Original,-20.0,0.1,,51-75%,,3.0,,2.2958371011935386,,,,,,,,,,,
BAN046,Original,-22.5,0.1,,51-75%,,3.0,,2.2958371011935386,,,,,,,,,,,
BAN047,Original,-23.7,0.1,,51-75%,,3.0,,2.2958371011935386,,,,,,,,,,,
BAN048,Original,-20.0,0.1,,51-75%,,3.0,,2.2958371011935386,,,,,,,,,,,
BAN049,Original,-20.0,0.1,,1-25%,,1.0,,0.7652696676314977,,,,,,,,,,,
BAN050,Original,-20.0,0.1,,26-50%,,2.0,,1.5305469997246555,,,,,,,,,,,
BAN051,Original,-20.0,0.1,,26-50%,,2.0,,1.5305469997246555,,,,,,,,,,,
BAN052,Original,-20.0,0.1,,26-50%,,2.0,,1.5305469997246555,,,,,,,,,,,
BAN053,Original,-20.0,0.1,,51-75%,,3.0,,2.2958371011935386,,,,,,,,,,,
BAN054,Original,-20.0,0.1,,26-50%,,2.0,,1.5305469997246555,,,,,,,,,,,
BAN055,Original,-20.0,0.1,,26-50%,,2.0,,1.5305469997246555,,,,,,,,,,,
BAN056,Original,-14.0,0.1,,26-50%,,2.0,,1.5305469997246555,,,,,,,,,,,
BAN057,Original,-25.0,0.1,,26-50%,,2.0,,1.5305469997246555,,,,,,,,,,,
BAN058,Original,-23.2,0.1,,26-50%,,2.0,,1.5305469997246555,,,,,,,,,,,
BAN059,Original,-22.8,0.1,,26-50%,,2.0,,1.5305469997246555,,,,,,,,,,,
BAN060,Original,-20.0,0.1,,26-50%,,2.0,,1.5305469997246555,,,,,,,,,,,
BAN061,Original,-26.0,0.1,,26-50%,,2.0,,1.5305469997246555,,,,,,,,,,,
BAN062,Original,-26.0,0.1,,26-50%,,2.0,,1.5305469997246555,,,,,,,,,,,
BAN063,Original,-26.0,0.1,,26-50%,,2.0,,1.5305469997246555,,,,,,,,,,,
BAN064,Original,-26.0,0.1,,26-50%,,2.0,,1.5305469997246555,,,,,,,,,,,
BAN065,Original,-26.0,0.1,,51-75%,,3.0,,2.2958371011935386,,,,,,,,,,,
BAN066,Original,-26.0,0.1,,51-75%,,3.0,,2.2958371011935386,,,,,,,,,,,
BAN067,Original,-26.0,0.1,,51-75%,,3.0,,2.2958371011935386,,,,,,,,,,,
BAN068,Original,-26.0,0.1,,51-75%,,3.0,,2.2958371011935386,,,,,,,,,,,
BAN069,Original,-26.0,0.1,,51-75%,,3.0,,2.2958371011935386,,,,,,,,,,,
BAN070,Original,-26.0,0.1,,26-50%,,2.0,,1.5305469997246555,,,,,,,,,,,
BAN071,Original,-26.0,0.1,,26-50%,,2.0,,1.5305469997246555,,,,,,,,,,,
BAN072,Original,-26.0,0.1,,26-50%,,2.0,,1.5305469997246555,,,,,,,,,,,
BAN073,Original,-26.0,0.1,,26-50%,,2.0,,1.5305469997246555,,,,,,,,,,,
BAN074,Original,-26.0,0.1,,26-50%,,2.0,,1.5305469997246555,,,,,,,,,,,
BAN075,Original,-26.0,0.1,,26-50%,,2.0,,1.5305469997246555,,,,,,,,,,,
BAN076,Original,-26.0,0.1,,26-50%,,2.0,,1.5305469997246555,,,,,,,,,,,
BAN077,Original,-26.0,0.1,,26-50%,,2.0,,1.5305469997246555,,,,,,,,,,,
BAN078,Original,-26.0,0.1,,26-50%,,2.0,,1.5305469997246555,,,,,,,,,,,
BAN079,Original,-26.0,0.1,,26-50%,,2.0,,1.5305469997246555,,,,,,,,,,,
BAN080,Original,-26.0,0.1,,26-50%,,2.0,,1.5305469997246555,,,,,,,,,,,
BAN081,Original,-46.5,0.1,,26-50%,,2.0,,1.5305469997246555,,,,,,,,,,,
BAN082,Original,-33.0,0.1,,26-50%,,2.0,,1.5305469997246555,,,,,,,,,,,
BAN083,Original,-33.0,0.1,,26-50%,,2.0,,1.5305469997246555,,,,,,,,,,,
BAN084,Original,-46.5,0.1,,26-50%,,2.0,,1.5305469997246555,,,,,,,,,,,
BAN085,Original,-46.5,0.1,,26-50%,,2.0,,1.5305469997246555,,,,,,,,,,,
BAN086,Original,-33.0,0.1,,26-50%,,2.0,,1.5305469997246555,,,,,,,,,,,
BAN087,Original,-37.0,0.1,,26-50%,,2.0,,1.5305469997246555,,,,,,,,,,,
BAN088,Original,-39.5,0.1,,26-50%,,2.0,,1.5305469997246555,,,,,,,,,,,
BAN089,Original,-46.5,0.1,,26-50%,,2.0,,1.5305469997246555,,,,,,,,,,,
BAN090,Original,-33.0,0.1,,26-50%,,2.0,,1.5305469997246555,,,,,,,,,,,
BAN091,Original,-33.0,0.1,,26-50%,,2.0,,1.5305469997246555,,,,,,,,,,,
BAN092,Original,-49.8,0.1,,26-50%,,2.0,,1.5305469997246555,,,,,,,,,,,
BAN093,Original,-46.5,0.1,,51-75%,,3.0,,2.2958371011935386,,,,,,,,,,,
BAN094,Original,-33.0,0.1,,51-75%,,3.0,,2.2958371011935386,,,,,,,,,,,
BAN095,Original,-33.0,0.1,,51-75%,,3.0,,2.2958371011935386,,,,,,,,,,,
BAN096,Original,-46.5,0.1,,51-75%,,3.0,,2.2958371011935386,,,,,,,,,,,
BAN097,Original,-46.5,0.1,,51-75%,,3.0,,2.2958371011935386,,,,,,,,,,,
BAN098,Original,-33.0,0.1,,51-75%,,3.0,,2.2958371011935386,,,,,,,,,,,
BAN099,Original,-33.0,0.1,,51-75%,,3.0,,2.2958371011935386,,,,,,,,,,,
BAN100,Original,-46.5,0.1,,51-75%,,3.0,,2.2958371011935386,,,,,,,,,,,
BAN101,Original,-46.5,0.1,,26-50%,,2.0,,1.5305469997246555,,,,,,,,,,,
BAN102,Original,-33.0,0.1,,26-50%,,2.0,,1.5305469997246555,,,,,,,,,,,
BAN103,Original,-33.0,0.1,,26-50%,,2.0,,1.5305469997246555,,,,,,,,,,,
BAN104,Original,-46.5,0.1,,26-50%,,2.0,,1.5305469997246555,,,,,,,,,,,
BAN105,Original,-30.5,0.1,,51-75%,,3.0,,2.2958371011935386,,,,,,,,,,,
BAN106,Original,-39.5,0.1,,51-75%,,3.0,,2.2958371011935386,,,,,,,,,,,
BAN107,Original,-48.5,0.1,,51-75%,,3.0,,2.2958371011935386,,,,,,,,,,,
BAN108,Original,-46.25,0.1,,51-75%,,3.0,,2.2958371011935386,,,,,,,,,,,
BAN109,Original,-32.75,0.1,,51-75%,,3.0,,2.2958371011935386,,,,,,,,,,,
BAN110,Original,-32.7,0.1,,51-75%,,3.0,,2.2958371011935386,,,,,,,,,,,
BAN111,Original,-46.25,0.1,,51-75%,,3.0,,2.2958371011935386,,,,,,,,,,,
BAN112,Original,-30.5,0.1,,51-75%,,3.0,,2.2958371011935386,,,,,,,,,,,
BAN113,Original,-39.5,0.1,,51-75%,,3.0,,2.2958371011935386,,,,,,,,,,,
BAN114,Original,-48.5,0.1,,51-75%,,3.0,,2.2958371011935386,,,,,,,,,,,
BAN115,Original,-30.5,0.1,,26-50%,,2.0,,1.5305469997246555,,,,,,,,,,,
BAN116,Original,-39.5,0.1,,26-50%,,2.0,,1.5305469997246555,,,,,,,,,,,
BAN117,Original,-48.5,0.1,,26-50%,,2.0,,1.5305469997246555,,,,,,,,,,,
BAN118,Original,-46.25,0.1,,26-50%,,2.0,,1.5305469997246555,,,,,,,,,,,
BAN119,Original,-32.75,0.1,,26-50%,,2.0,,1.5305469997246555,,,,,,,,,,,
BAN120,Original,-32.75,0.1,,26-50%,,2.0,,1.5305469997246555,,,,,,,,,,,
BAN121,Original,-46.25,0.1,,26-50%,,2.0,,1.5305469997246555,,,,,,,,,,,
BAN122,Original,-30.5,0.1,,26-50%,,2.0,,1.5305469997246555,,,,,,,,,,,
BAN123,Original,-39.5,0.1,,26-50%,,2.0,,1.5305469997246555,,,,,,,,,,,
BAN124,Original,-48.5,0.1,,26-50%,,2.0,,1.5305469997246555,,,,,,,,,,,
BAN125,Original,-33.0,0.1,,51-75%,,3.0,,2.2958371011935386,,,,,,,,,,,
BAN126,Original,-36.5,0.1,,51-75%,,3.0,,2.2958371011935386,,,,,,,,,,,
BAN127,Original,-29.5,0.1,,26-50%,,2.0,,1.5305469997246555,,,,,,,,,,,
BAN128,Original,-29.5,0.1,,26-50%,,2.0,,1.5305469997246555,,,,,,,,,,,
BAN129,Original,-36.5,0.1,,26-50%,,2.0,,1.5305469997246555,,,,,,,,,,,
BAN130,Original,-33.0,0.1,,26-50%,,2.0,,1.5305469997246555,,,,,,,,,,,
BAN131,Original,-32.75,0.1,,51-75%,,3.0,,2.2958371011935386,,,,,,,,,,,
BAN132,Original,-46.25,0.1,,51-75%,,3.0,,2.2958371011935386,,,,,,,,,,,
BAN133,Original,-46.25,0.1,,26-50%,,2.0,,1.5305469997246555,,,,,,,,,,,
BAN134,Original,-32.75,0.1,,26-50%,,2.0,,1.5305469997246555,,,,,,,,,,,
BAN135,Original,-32.75,0.1,,26-50%,,2.0,,1.5305469997246555,,,,,,,,,,,
BAN136,Original,-46.25,0.1,,26-50%,,2.0,,1.5305469997246555,,,,,,,,,,,
BAN137,Original,-32.7,0.1,,26-50%,,2.0,,1.5305469997246555,,,,,,,,,,,
BAN138,Original,-46.5,0.1,,26-50%,,2.0,,1.5305469997246555,,,,,,,,,,,
BAN139,Original,-33.0,0.1,,26-50%,,2.0,,1.5305469997246555,,,,,,,,,,,
BAN140,Original,-36.5,0.1,21-30%,26-50%,,2.0,,1.5305469997246555,,,,,,,,,,,
BAN141,Original,-29.5,0.1,21-30%,26-50%,,2.0,,1.5305469997246555,,,,,,,,,,,
BAN142,Original,-29.5,0.1,21-30%,26-50%,,2.0,,1.5305469997246555,,,,,,,,,,,
BAN143,Original,-36.5,0.1,21-30%,26-50%,,2.0,,1.5305469997246555,,,,,,,,,,,
BAN144,Original,-33.0,0.1,,26-50%,,2.0,,1.5305469997246555,,,,,,,,,,,
BAN145,Original,-32.75,0.1,21-30%,51-75%,,3.0,,2.2958371011935386,,,,,,,,,,,
BAN146,Original,-46.25,0.1,21-30%,51-75%,,3.0,,2.2958371011935386,,,,,,,,,,,
BAN147,Original,-46.25,0.1,21-30%,26-50%,,2.0,,1.5305469997246555,,,,,,,,,,,
BAN148,Original,-32.75,0.1,21-30%,26-50%,,2.0,,1.5305469997246555,,,,,,,,,,,
BAN149,Original,-32.75,0.1,21-30%,26-50%,,2.0,,1.5305469997246555,,,,,,,,,,,
BAN150,Original,-46.25,0.1,21-30%,26-50%,,2.0,,1.5305469997246555,,,,,,,,,,,
BAN151,Original,-32.75,0.1,,26-50%,,2.0,,1.5305469997246555,,,,,,,,,,,
BAN152,Original,-46.25,0.1,,26-50%,,2.0,,1.5305469997246555,,,,,,,,,,,
BAN153,Original,-53.0,0.1,,26-50%,,2.0,,1.5305469997246555,,,,,,,,,,,
BAN154,Original,-53.0,0.1,,26-50%,,2.0,,1.5305469997246555,,,,,,,,,,,
BAN155,Original,-53.0,0.1,,26-50%,,2.0,,1.5305469997246555,,,,,,,,,,,
BAN156,Original,-53.0,0.1,,26-50%,,2.0,,1.5305469997246555,,,,,,,,,,,
BAN157,Original,-53.0,0.1,,26-50%,,2.0,,1.5305469997246555,,,,,,,,,,,
BAN158,Original,-53.0,0.1,,51-75%,,3.0,,2.2958371011935386,,,,,,,,,,,
BAN159,Original,-53.0,0.1,,51-75%,,3.0,,2.2958371011935386,,,,,,,,,,,
BAN160,Original,-53.0,0.1,,51-75%,,3.0,,2.2958371011935386,,,,,,,,,,,
BAN161,Original,-53.0,0.1,,51-75%,,3.0,,2.2958371011935386,,,,,,,,,,,
BAN162,Original,-53.0,0.1,,51-75%,,3.0,,2.2958371011935386,,,,,,,,,,,
BAN163,Original,-53.0,0.1,21-30%,26-50%,,2.0,,1.5305469997246555,,,,,,,,,,,
BAN164,Original,-53.0,0.1,21-30%,26-50%,,2.0,,1.5305469997246555,,,,,,,,,,,
BAN165,Original,-53.0,0.1,21-30%,26-50%,,2.0,,1.5305469997246555,,,,,,,,,,,
BAN166,Original,-53.0,0.1,21-30%,26-50%,,2.0,,1.5305469997246555,,,,,,,,,,,
BAN167,Original,-53.0,0.1,21-30%,26-50%,,2.0,,1.5305469997246555,,,,,,,,,,,
BAN168,Original,-53.0,0.1,21-30%,26-50%,,2.0,,1.5305469997246555,,,,,,,,,,,
BAN169,Original,-53.0,0.1,21-30%,26-50%,,2.0,,1.5305469997246555,,,,,,,,,,,
BAN170,Original,-53.0,0.1,21-30%,26-50%,,2.0,,1.5305469997246555,,,,,,,,,,,
BAN171,Original,-53.0,0.1,Missing,26-50%,,2.0,,1.5305469997246555,,,,,,,,,,,
BAN172,Original,-53.0,0.1,21-30%,26-50%,,2.0,,1.5305469997246555,,,,,,,,,,,
BAN173,Original,-59.75,0.1,,26-50%,,2.0,,1.5305469997246555,,,,,,,,,,,
BAN174,Original,-73.25,0.1,,26-50%,,2.0,,1.5305469997246555,,,,,,,,,,,
BAN175,Original,-73.25,0.1,,26-50%,,2.0,,1.5305469997246555,,,,,,,,,,,
BAN176,Original,-59.75,0.1,,26-50%,,2.0,,1.5305469997246555,,,,,,,,,,,
BAN177,Original,-64.58,0.1,,51-75%,,3.0,,2.2958371011935386,,,,,,,,,,,
BAN178,Original,-59.75,0.1,,51-75%,,3.0,,2.2958371011935386,,,,,,,,,,,
BAN179,Original,-73.25,0.1,,51-75%,,3.0,,2.2958371011935386,,,,,,,,,,,
BAN180,Original,-59.75,0.1,,51-75%,,3.0,,2.2958371011935386,,,,,,,,,,,
BAN181,Original,-59.75,0.1,,51-75%,,3.0,,2.2958371011935386,,,,,,,,,,,
BAN182,Original,-73.5,0.1,,51-75%,,3.0,,2.2958371011935386,,,,,,,,,,,
BAN183,Original,-59.75,0.1,,51-75%,,3.0,,2.2958371011935386,,,,,,,,,,,
BAN184,Original,-72.1,0.1,,51-75%,,3.0,,2.2958371011935386,,,,,,,,,,,
BAN185,Original,-57.5,0.1,,51-75%,,3.0,,2.2958371011935386,,,,,,,,,,,
BAN186,Original,-66.5,0.1,,51-75%,,3.0,,2.2958371011935386,,,,,,,,,,,
BAN187,Original,-75.5,0.1,,51-75%,,3.0,,2.2958371011935386,,,,,,,,,,,
BAN188,Original,-78.0,0.1,,51-75%,,3.0,,2.2958371011935386,,,,,,,,,,,
BAN189,Original,-72.7,0.1,,51-75%,,3.0,,2.2958371011935386,,,,,,,,,,,
BAN190,Original,-61.7,0.1,,51-75%,,3.0,,2.2958371011935386,,,,,,,,,,,
BAN191,Original,-59.75,0.1,,51-75%,,3.0,,2.2958371011935386,,,,,,,,,,,
BAN192,Original,-69.88,0.1,,51-75%,,3.0,,2.2958371011935386,,,,,,,,,,,
BAN193,Original,-76.63,0.1,,51-75%,,3.0,,2.2958371011935386,,,,,,,,,,,
BAN194,Original,-57.5,0.1,,51-75%,,3.0,,2.2958371011935386,,,,,,,,,,,
BAN195,Original,-66.5,0.1,,51-75%,,3.0,,2.2958371011935386,,,,,,,,,,,
BAN196,Original,-75.5,0.1,,76-100%,,4.0,,3.061100146467988,,,,,,,,,,,
BAN197,Original,-57.5,0.1,,51-75%,,3.0,,2.2958371011935386,,,,,,,,,,,
BAN198,Original,-66.5,0.1,,51-75%,,3.0,,2.2958371011935386,,,,,,,,,,,
BAN199,Original,-75.5,0.1,,51-75%,,3.0,,2.2958371011935386,,,,,,,,,,,
BAN200,Original,-76.63,0.1,,26-50%,,2.0,,1.5305469997246555,,,,,,,,,,,
BAN201,Original,-69.88,0.1,,26-50%,,2.0,,1.5305469997246555,,,,,,,,,,,
BAN202,Original,-59.75,0.1,,26-50%,,2.0,,1.5305469997246555,,,,,,,,,,,
BAN203,Original,-59.75,0.1,,26-50%,,2.0,,1.5305469997246555,,,,,,,,,,,
BAN204,Original,-69.88,0.1,,26-50%,,2.0,,1.5305469997246555,,,,,,,,,,,
BAN205,Original,-76.63,0.1,,26-50%,,2.0,,1.5305469997246555,,,,,,,,,,,
BAN206,Original,-57.5,0.1,,26-50%,,2.0,,1.5305469997246555,,,,,,,,,,,
BAN207,Original,-66.5,0.1,,26-50%,,2.0,,1.5305469997246555,,,,,,,,,,,
BAN208,Original,-75.5,0.1,,26-50%,,2.0,,1.5305469997246555,,,,,,,,,,,
BAN209,Original,-59.7,0.1,,26-50%,,2.0,,1.5305469997246555,,,,,,,,,,,
BAN210,Original,-66.5,0.1,,26-50%,,2.0,,1.5305469997246555,,,,,,,,,,,
BAN211,Original,-69.8,0.1,21-30%,51-75%,,3.0,,2.2958371011935386,,,,,,,,,,,
BAN212,Original,-76.3,0.1,21-30%,51-75%,,3.0,,2.2958371011935386,,,,,,,,,,,
BAN213,Original,-76.63,0.1,21-30%,26-50%,,2.0,,1.5305469997246555,,,,,,,,,,,
BAN214,Original,-59.75,0.1,21-30%,26-50%,,2.0,,1.5305469997246555,,,,,,,,,,,
BAN215,Original,-56.38,0.1,21-30%,26-50%,,2.0,,1.5305469997246555,,,,,,,,,,,
BAN216,Original,-73.25,0.1,21-30%,26-50%,,2.0,,1.5305469997246555,,,,,,,,,,,
BAN217,Original,-59.75,0.1,,26-50%,,2.0,,1.5305469997246555,,,,,,,,,,,
BAN218,Original,-73.5,0.1,,26-50%,,2.0,,1.5305469997246555,,,,,,,,,,,
BAN219,Original,-59.75,0.1,21-30%,26-50%,,2.0,,1.5305469997246555,,,,,,,,,,,
BAN220,Original,-66.5,0.1,21-30%,26-50%,,2.0,,1.5305469997246555,,,,,,,,,,,
BAN221,Original,-69.88,0.1,21-30%,51-75%,,3.0,,2.2958371011935386,,,,,,,,,,,
BAN222,Original,-76.63,0.1,21-30%,51-75%,,3.0,,2.2958371011935386,,,,,,,,,,,
BAN223,Original,-76.63,0.1,41-50%,26-50%,,2.0,,1.5305469997246555,,,,,,,,,,,
BAN224,Original,-59.75,0.1,21-30%,26-50%,,2.0,,1.5305469997246555,,,,,,,,,,,
BAN225,Original,-56.38,0.1,21-30%,26-50%,,2.0,,1.5305469997246555,,,,,,,,,,,
BAN226,Original,-73.25,0.1,21-30%,26-50%,,2.0,,1.5305469997246555,,,,,,,,,,,
BAN227,Original,-59.75,0.1,,26-50%,,2.0,,1.5305469997246555,,,,,,,,,,,
BAN228,Original,-73.25,0.1,,26-50%,,2.0,,1.5305469997246555,,,,,,,,,,,
BAN229,Original,-80.0,0.1,,26-50%,,2.0,,1.5305469997246555,,,,,,,,,,,
BAN230,Original,-80.0,0.1,,26-50%,,2.0,,1.5305469997246555,,,,,,,,,,,
BAN231,Original,-80.0,0.1,,26-50%,,2.0,,1.5305469997246555,,,,,,,,,,,
BAN232,Original,-80.0,0.1,,26-50%,,2.0,,1.5305469997246555,,,,,,,,,,,
BAN233,Original,-80.0,0.1,,26-50%,,2.0,,1.5305469997246555,,,,,,,,,,,
BAN234,Original,-80.0,0.1,,51-75%,,3.0,,2.2958371011935386,,,,,,,,,,,
BAN235,Original,-80.0,0.1,,51-75%,,3.0,,2.2958371011935386,,,,,,,,,,,
BAN236,Original,-80.0,0.1,,51-75%,,3.0,,2.2958371011935386,,,,,,,,,,,
BAN237,Original,-80.0,0.1,,51-75%,,3.0,,2.2958371011935386,,,,,,,,,,,
BAN238,Original,-80.0,0.1,,51-75%,,3.0,,2.2958371011935386,,,,,,,,,,,
BAN239,Original,-80.0,0.1,21-30%,26-50%,,2.0,,1.5305469997246555,,,,,,,,,,,
BAN240,Original,-80.0,0.1,21-30%,26-50%,,2.0,,1.5305469997246555,,,,,,,,,,,
BAN241,Original,-80.0,0.1,21-30%,26-50%,,2.0,,1.5305469997246555,,,,,,,,,,,
BAN242,Original,-80.0,0.1,21-30%,26-50%,,2.0,,1.5305469997246555,,,,,,,,,,,
BAN243,Original,-80.0,0.1,21-30%,26-50%,,2.0,,1.5305469997246555,,,,,,,,,,,
BAN244,Original,-80.0,0.1,21-30%,26-50%,,2.0,,1.5305469997246555,,,,,,,,,,,
BAN245,Original,-80.0,0.1,21-30%,26-50%,,2.0,,1.5305469997246555,,,,,,,,,,,
BAN246,Original,-80.0,0.1,21-30%,26-50%,,2.0,,1.5305469997246555,,,,,,,,,,,
BAN247,Original,-80.0,0.1,21-30%,26-50%,,2.0,,1.5305469997246555,,,,,,,,,,,
BAN248,Original,-80.0,0.1,21-30%,26-50%,,2.0,,1.5305469997246555,,,,,,,,,,,
BAN249,Original,-87.13,0.1,,51-75%,,3.0,,2.2958371011935386,,,,,,,,,,,
BAN250,Original,-101.38,0.1,,51-75%,,3.0,,2.2958371011935386,,,,,,,,,,,
BAN251,Original,-87.13,0.1,,51-75%,,3.0,,2.2958371011935386,,,,,,,,,,,
BAN252,Original,-101.38,0.1,,51-75%,,3.0,,2.2958371011935386,,,,,,,,,,,
BAN253,Original,-102.1,0.1,,51-75%,,3.0,,2.2958371011935386,,,,,,,,,,,
BAN254,Original,-92.1,0.1,,51-75%,,3.0,,2.2958371011935386,,,,,,,,,,,
BAN255,Original,-87.13,0.1,,26-50%,,2.0,,1.5305469997246555,,,,,,,,,,,
BAN256,Original,-87.13,0.1,,26-50%,,2.0,,1.5305469997246555,,,,,,,,,,,
BAN257,Original,-101.38,0.1,,76-100%,,4.0,,3.061100146467988,,,,,,,,,,,
BAN258,Original,-87.13,0.1,,51-75%,,3.0,,2.2958371011935386,,,,,,,,,,,
BAN259,Original,-87.13,0.1,,51-75%,,3.0,,2.2958371011935386,,,,,,,,,,,
BAN260,Original,-101.38,0.1,,51-75%,,3.0,,2.2958371011935386,,,,,,,,,,,
BAN261,Original,-89.4,0.1,,76-100%,,4.0,,3.061100146467988,,,,,,,,,,,
BAN262,Original,-96.63,0.1,,76-100%,,4.0,,3.061100146467988,,,,,,,,,,,
BAN263,Original,-101.0,0.1,,76-100%,,4.0,,3.061100146467988,,,,,,,,,,,
BAN264,Original,-106.13,0.1,,76-100%,,4.0,,3.061100146467988,,,,,,,,,,,
BAN265,Original,-104.94,0.1,,51-75%,,3.0,,2.2958371011935386,,,,,,,,,,,
BAN266,Original,-97.81,0.1,,51-75%,,3.0,,2.2958371011935386,,,,,,,,,,,
BAN267,Original,-90.69,0.1,,51-75%,,3.0,,2.2958371011935386,,,,,,,,,,,
BAN268,Original,-83.56,0.1,,51-75%,,3.0,,2.2958371011935386,,,,,,,,,,,
BAN269,Original,-83.56,0.1,,51-75%,,3.0,,2.2958371011935386,,,,,,,,,,,
BAN270,Original,-90.69,0.1,,51-75%,,3.0,,2.2958371011935386,,,,,,,,,,,
BAN271,Original,-97.81,0.1,,51-75%,,3.0,,2.2958371011935386,,,,,,,,,,,
BAN272,Original,-104.94,0.1,,76-100%,,4.0,,3.061100146467988,,,,,,,,,,,
BAN273,Original,-89.5,0.1,,76-100%,,4.0,,3.061100146467988,,,,,,,,,,,
BAN274,Original,-94.25,0.1,,76-100%,,4.0,,3.061100146467988,,,,,,,,,,,
BAN275,Original,-99.0,0.1,,76-100%,,4.0,,3.061100146467988,,,,,,,,,,,
BAN276,Original,-106.65,0.1,,76-100%,,4.0,,3.061100146467988,,,,,,,,,,,
BAN277,Original,-88.55,0.1,,51-75%,,3.0,,2.2958371011935386,,,,,,,,,,,
BAN278,Original,-94.25,0.1,,76-100%,,4.0,,3.061100146467988,,,,,,,,,,,
BAN279,Original,-99.95,0.1,,51-75%,,3.0,,2.2958371011935386,,,,,,,,,,,
BAN280,Original,-105.65,0.1,,51-75%,,3.0,,2.2958371011935386,,,,,,,,,,,
BAN281,Original,-104.94,0.1,,51-75%,,3.0,,2.2958371011935386,,,,,,,,,,,
BAN282,Original,-97.81,0.1,,51-75%,,3.0,,2.2958371011935386,,,,,,,,,,,
BAN283,Original,-90.69,0.1,,26-50%,,2.0,,1.5305469997246555,,,,,,,,,,,
BAN284,Original,-83.56,0.1,,51-75%,,3.0,,2.2958371011935386,,,,,,,,,,,
BAN285,Original,-83.56,0.1,,51-75%,,3.0,,2.2958371011935386,,,,,,,,,,,
BAN286,Original,-90.69,0.1,,26-50%,,2.0,,1.5305469997246555,,,,,,,,,,,
BAN287,Original,-97.81,0.1,,51-75%,,3.0,,2.2958371011935386,,,,,,,,,,,
BAN288,Original,-104.94,0.1,,76-100%,,4.0,,3.061100146467988,,,,,,,,,,,
BAN289,Original,-89.7,0.1,,51-75%,,3.0,,2.2958371011935386,,,,,,,,,,,
BAN290,Original,-96.63,0.1,,76-100%,,4.0,,3.061100146467988,,,,,,,,,,,
BAN291,Original,-99.35,0.1,,76-100%,,4.0,,3.061100146467988,,,,,,,,,,,
BAN292,Original,-106.13,0.1,,76-100%,,4.0,,3.061100146467988,,,,,,,,,,,
BAN293,Original,-87.13,0.1,21-30%,51-75%,,3.0,,2.2958371011935386,,,,,,,,,,,
BAN294,Original,-94.25,0.1,21-30%,51-75%,,3.0,,2.2958371011935386,,,,,,,,,,,
BAN295,Original,-97.7,0.1,,51-75%,,3.0,,2.2958371011935386,,,,,,,,,,,
BAN296,Original,-104.6,0.1,,51-75%,,3.0,,2.2958371011935386,,,,,,,,,,,
BAN297,Original,-108.2,0.1,61-70%,76-100%,,4.0,,3.061100146467988,,,,,,,,,,,
BAN298,Original,-87.13,0.1,21-30%,26-50%,,2.0,,1.5305469997246555,,,,,,,,,,,
BAN299,Original,-83.56,0.1,21-30%,26-50%,,2.0,,1.5305469997246555,,,,,,,,,,,
BAN300,Original,-97.81,0.1,41-50%,51-75%,,3.0,,2.2958371011935386,,,,,,,,,,,
BAN301,Original,-104.94,0.1,41-50%,51-75%,,3.0,,2.2958371011935386,,,,,,,,,,,
BAN302,Original,-84.75,0.1,,51-75%,,3.0,,2.2958371011935386,,,,,,,,,,,
BAN303,Original,-98.0,0.1,,51-75%,,3.0,,2.2958371011935386,,,,,,,,,,,
BAN304,Original,-104.8,0.1,,51-75%,,3.0,,2.2958371011935386,,,,,,,,,,,
BAN305,Original,-87.13,0.1,21-30%,26-50%,,2.0,,1.5305469997246555,,,,,,,,,,,
BAN306,Original,-94.25,0.1,51-60%,51-75%,,3.0,,2.2958371011935386,,,,,,,,,,,
BAN307,Original,-97.81,0.1,21-30%,76-100%,,4.0,,3.061100146467988,,,,,,,,,,,
BAN308,Original,-104.94,0.1,21-30%,76-100%,,4.0,,3.061100146467988,,,,,,,,,,,
BAN309,Original,-104.94,0.1,51-60%,51-75%,,3.0,,2.2958371011935386,,,,,,,,,,,
BAN310,Original,-87.13,0.1,21-30%,26-50%,,2.0,,1.5305469997246555,,,,,,,,,,,
BAN311,Original,-83.56,0.1,21-30%,51-75%,,3.0,,2.2958371011935386,,,,,,,,,,,
BAN312,Original,-97.81,0.1,21-30%,26-50%,,2.0,,1.5305469997246555,,,,,,,,,,,
BAN313,Original,-104.94,0.1,41-50%,51-75%,,3.0,,2.2958371011935386,,,,,,,,,,,
BAN314,Original,-90.69,0.1,,51-75%,,3.0,,2.2958371011935386,,,,,,,,,,,
BAN315,Original,-97.81,0.1,,76-100%,,4.0,,3.061100146467988,,,,,,,,,,,
BAN316,Original,-104.94,0.1,,76-100%,,4.0,,3.061100146467988,,,,,,,,,,,
BAN317,Original,-108.5,0.1,,51-75%,,3.0,,2.2958371011935386,,,,,,,,,,,
BAN318,Original,-108.5,0.1,,51-75%,,3.0,,2.2958371011935386,,,,,,,,,,,
BAN319,Original,-108.5,0.1,,51-75%,,3.0,,2.2958371011935386,,,,,,,,,,,
BAN320,Original,-108.5,0.1,,76-100%,,4.0,,3.061100146467988,,,,,,,,,,,
BAN321,Original,-108.5,0.1,,51-75%,,3.0,,2.2958371011935386,,,,,,,,,,,
BAN322,Original,-108.5,0.1,,51-75%,,3.0,,2.2958371011935386,,,,,,,,,,,
BAN323,Original,-108.5,0.1,,51-75%,,3.0,,2.2958371011935386,,,,,,,,,,,
BAN324,Original,-108.5,0.1,,76-100%,,4.0,,3.061100146467988,,,,,,,,,,,
BAN325,Original,-108.5,0.1,,51-75%,,3.0,,2.2958371011935386,,,,,,,,,,,
BAN326,Original,-108.5,0.1,,51-75%,,3.0,,2.2958371011935386,,,,,,,,,,,
BAN327,Original,-108.5,0.1,21-30%,26-50%,,2.0,,1.5305469997246555,,,,,,,,,,,
BAN328,Original,-108.5,0.1,21-30%,26-50%,,2.0,,1.5305469997246555,,,,,,,,,,,
BAN329,Original,-108.5,0.1,21-30%,26-50%,,2.0,,1.5305469997246555,,,,,,,,,,,
BAN330,Original,-108.5,0.1,21-30%,26-50%,,2.0,,1.5305469997246555,,,,,,,,,,,
BAN331,Original,-108.5,0.1,21-30%,26-50%,,2.0,,1.5305469997246555,,,,,,,,,,,
BAN332,Original,-108.5,0.1,21-30%,51-75%,,3.0,,2.2958371011935386,,,,,,,,,,,
BAN333,Original,-108.5,0.1,21-30%,51-75%,,3.0,,2.2958371011935386,,,,,,,,,,,
BAN334,Original,-108.5,0.1,21-30%,51-75%,,3.0,,2.2958371011935386,,,,,,,,,,,
BAN335,Original,-108.5,0.1,21-30%,26-50%,,2.0,,1.5305469997246555,,,,,,,,,,,
BAN336,Original,-108.5,0.1,21-30%,26-50%,,2.0,,1.5305469997246555,,,,,,,,,,,
BAN337,Original,-114.64,0.1,,51-75%,,3.0,,2.2958371011935386,,,,,,,,,,,
BAN338,Original,-126.95,0.1,,76-100%,,4.0,,3.061100146467988,,,,,,,,,,,
BAN339,Original,-130.7,0.1,,26-50%,,2.0,,1.5305469997246555,,,,,,,,,,,
BAN340,Original,-115.9,0.1,,51-75%,,3.0,,2.2958371011935386,,,,,,,,,,,
BAN341,Original,-114.65,0.1,,76-100%,,4.0,,3.061100146467988,,,,,,,,,,,
BAN342,Original,-126.95,0.1,,76-100%,,4.0,,3.061100146467988,,,,,,,,,,,
BAN343,Original,-126.2,0.1,,51-75%,,3.0,,2.2958371011935386,,,,,,,,,,,
BAN344,Original,-119.2,0.1,,51-75%,,3.0,,2.2958371011935386,,,,,,,,,,,
BAN345,Original,-119.6,0.1,,76-100%,,4.0,,3.061100146467988,,,,,,,,,,,
BAN346,Original,-130.7,0.1,,51-75%,,3.0,,2.2958371011935386,,,,,,,,,,,
BAN347,Original,-118.6,0.1,,51-75%,,3.0,,2.2958371011935386,,,,,,,,,,,
BAN348,Original,-126.95,0.1,,76-100%,,4.0,,3.061100146467988,,,,,,,,,,,
BAN349,Original,-120.1,0.1,,51-75%,,3.0,,2.2958371011935386,,,,,,,,,,,
BAN350,Original,-125.8,0.1,,76-100%,,4.0,,3.061100146467988,,,,,,,,,,,
BAN351,Original,-133.1,0.1,,76-100%,,4.0,,3.061100146467988,,,,,,,,,,,
BAN352,Original,-131.4,0.1,,51-75%,,3.0,,2.2958371011935386,,,,,,,,,,,
BAN353,Original,-126.6,0.1,,51-75%,,3.0,,2.2958371011935386,,,,,,,,,,,
BAN354,Original,-119.3,0.1,,51-75%,,3.0,,2.2958371011935386,,,,,,,,,,,
BAN355,Original,-115.4,0.1,,51-75%,,3.0,,2.2958371011935386,,,,,,,,,,,
BAN356,Original,-115.2,0.1,,51-75%,,3.0,,2.2958371011935386,,,,,,,,,,,
BAN357,Original,-118.8,0.1,,51-75%,,3.0,,2.2958371011935386,,,,,,,,,,,
BAN358,Original,-123.88,0.1,,51-75%,,3.0,,2.2958371011935386,,,,,,,,,,,
BAN359,Original,-131.0,0.1,,51-75%,,3.0,,2.2958371011935386,,,,,,,,,,,
BAN360,Original,-112.6,0.1,,76-100%,,4.0,,3.061100146467988,,,,,,,,,,,
BAN361,Original,-124.4,0.1,,76-100%,,4.0,,3.061100146467988,,,,,,,,,,,
BAN362,Original,-129.0,0.1,,76-100%,,4.0,,3.061100146467988,,,,,,,,,,,
BAN363,Original,-117.73,0.1,,76-100%,,4.0,,3.061100146467988,,,,,,,,,,,
BAN364,Original,-123.88,0.1,,51-75%,,3.0,,2.2958371011935386,,,,,,,,,,,
BAN365,Original,-128.0,0.1,,26-50%,,2.0,,1.5305469997246555,,,,,,,,,,,
BAN366,Original,-130.8,0.1,,51-75%,,3.0,,2.2958371011935386,,,,,,,,,,,
BAN367,Original,-127.3,0.1,,51-75%,,3.0,,2.2958371011935386,,,,,,,,,,,
BAN368,Original,-119.5,0.1,,51-75%,,3.0,,2.2958371011935386,,,,,,,,,,,
BAN369,Original,-116.4,0.1,,51-75%,,3.0,,2.2958371011935386,,,,,,,,,,,
BAN370,Original,-115.2,0.1,,51-75%,,3.0,,2.2958371011935386,,,,,,,,,,,
BAN371,Original,-119.8,0.1,,51-75%,,3.0,,2.2958371011935386,,,,,,,,,,,
BAN372,Original,-128.0,0.1,,51-75%,,3.0,,2.2958371011935386,,,,,,,,,,,
BAN373,Original,-132.5,0.1,,51-75%,,3.0,,2.2958371011935386,,,,,,,,,,,
BAN374,Original,-117.73,0.1,,76-100%,,4.0,,3.061100146467988,,,,,,,,,,,
BAN375,Original,-123.88,0.1,,76-100%,,4.0,,3.061100146467988,,,,,,,,,,,
BAN376,Original,-130.03,0.1,,76-100%,,4.0,,3.061100146467988,,,,,,,,,,,
BAN377,Original,-125.0,0.1,21-30%,51-75%,,3.0,,2.2958371011935386,,,,,,,,,,,
BAN378,Original,-117.2,0.1,21-30%,51-75%,,3.0,,2.2958371011935386,,,,,,,,,,,
BAN379,Original,-128.9,0.1,21-30%,51-75%,,3.0,,2.2958371011935386,,,,,,,,,,,
BAN380,Original,-134.4,0.1,21-30%,51-75%,,3.0,,2.2958371011935386,,,,,,,,,,,
BAN381,Original,-134.4,0.1,21-30%,51-75%,,3.0,,2.2958371011935386,,,,,,,,,,,
BAN382,Original,-129.9,0.1,21-30%,26-50%,,2.0,,1.5305469997246555,,,,,,,,,,,
BAN383,Original,-115.9,0.1,21-30%,26-50%,,2.0,,1.5305469997246555,,,,,,,,,,,
BAN384,Original,-118.7,0.1,21-30%,26-50%,,2.0,,1.5305469997246555,,,,,,,,,,,
BAN385,Original,-127.0,0.1,21-30%,26-50%,,2.0,,1.5305469997246555,,,,,,,,,,,
BAN386,Original,-134.4,0.1,21-30%,26-50%,,2.0,,1.5305469997246555,,,,,,,,,,,
BAN387,Original,-113.43,0.1,,76-100%,,4.0,,3.061100146467988,,,,,,,,,,,
BAN388,Original,-123.3,0.1,,51-75%,,3.0,,2.2958371011935386,,,,,,,,,,,
BAN389,Original,-133.17,0.1,,51-75%,,3.0,,2.2958371011935386,,,,,,,,,,,
BAN390,Original,-123.3,0.1,21-30%,51-75%,,3.0,,2.2958371011935386,,,,,,,,,,,
BAN391,Original,-116.7,0.1,51-60%,76-100%,,4.0,,3.061100146467988,,,,,,,,,,,
BAN392,Original,-128.7,0.1,21-30%,26-50%,,2.0,,1.5305469997246555,,,,,,,,,,,
BAN393,Original,-134.4,0.1,21-30%,26-50%,,2.0,,1.5305469997246555,,,,,,,,,,,
BAN394,Original,-134.4,0.1,21-30%,26-50%,,2.0,,1.5305469997246555,,,,,,,,,,,
BAN395,Original,-127.0,0.1,21-30%,51-75%,,3.0,,2.2958371011935386,,,,,,,,,,,
BAN396,Original,-115.9,0.1,51-60%,26-50%,,2.0,,1.5305469997246555,,,,,,,,,,,
BAN397,Original,-115.9,0.1,21-30%,51-75%,,3.0,,2.2958371011935386,,,,,,,,,,,
BAN398,Original,-127.0,0.1,11-20%,51-75%,,3.0,,2.2958371011935386,,,,,,,,,,,
BAN399,Original,-134.4,0.1,21-30%,51-75%,,3.0,,2.2958371011935386,,,,,,,,,,,
BAN400,Original,-119.6,0.1,,76-100%,,4.0,,3.061100146467988,,,,,,,,,,,
BAN401,Original,-127.0,0.1,,51-75%,,3.0,,2.2958371011935386,,,,,,,,,,,
BAN402,Original,-134.4,0.1,,51-75%,,3.0,,2.2958371011935386,,,,,,,,,,,
BAN403,Original,-138.1,0.1,,51-75%,,3.0,,2.2958371011935386,,,,,,,,,,,
BAN404,Original,-138.1,0.1,,51-75%,,3.0,,2.2958371011935386,,,,,,,,,,,
BAN405,Original,-138.1,0.1,,51-75%,,3.0,,2.2958371011935386,,,,,,,,,,,
BAN406,Original,-138.1,0.1,,76-100%,,4.0,,3.061100146467988,,,,,,,,,,,
BAN407,Original,-138.1,0.1,,76-100%,,4.0,,3.061100146467988,,,,,,,,,,,
BAN408,Original,-138.1,0.1,,26-50%,,2.0,,1.5305469997246555,,,,,,,,,,,
BAN409,Original,-138.1,0.1,,51-75%,,3.0,,2.2958371011935386,,,,,,,,,,,
BAN410,Original,-138.1,0.1,,51-75%,,3.0,,2.2958371011935386,,,,,,,,,,,
BAN411,Original,-138.1,0.1,,76-100%,,4.0,,3.061100146467988,,,,,,,,,,,
BAN412,Original,-138.1,0.1,,76-100%,,4.0,,3.061100146467988,,,,,,,,,,,
BAN413,Original,-138.1,0.1,,51-75%,,3.0,,2.2958371011935386,,,,,,,,,,,
BAN414,Original,-138.1,0.1,,51-75%,,3.0,,2.2958371011935386,,,,,,,,,,,
BAN415,Original,-138.1,0.1,,26-50%,,2.0,,1.5305469997246555,,,,,,,,,,,
BAN416,Original,-138.1,0.1,,26-50%,,2.0,,1.5305469997246555,,,,,,,,,,,
BAN417,Original,-138.1,0.1,,51-75%,,3.0,,2.2958371011935386,,,,,,,,,,,
BAN418,Original,-138.1,0.1,,26-50%,,2.0,,1.5305469997246555,,,,,,,,,,,
BAN419,Original,-138.1,0.1,,26-50%,,2.0,,1.5305469997246555,,,,,,,,,,,
BAN420,Original,-138.1,0.1,,51-75%,,3.0,,2.2958371011935386,,,,,,,,,,,
BAN421,Original,-138.1,0.1,,76-100%,,4.0,,3.061100146467988,,,,,,,,,,,
BAN422,Original,-138.1,0.1,,76-100%,,4.0,,3.061100146467988,,,,,,,,,,,
BAN423,Original,-138.1,0.1,21-30%,76-100%,,4.0,,3.061100146467988,,,,,,,,,,,
BAN424,Original,-138.1,0.1,91-100%,depleted,,5.0,,0.0,,,,,,,,,,,
BAN425,Original,-138.1,0.1,21-30%,51-75%,,3.0,,2.2958371011935386,,,,,,,,,,,
BAN426,Original,-138.1,0.1,21-30%,26-50%,,2.0,,1.5305469997246555,,,,,,,,,,,
BAN427,Original,-138.1,0.1,21-30%,51-75%,,3.0,,2.2958371011935386,,,,,,,,,,,
BAN428,Original,-138.1,0.1,21-30%,26-50%,,2.0,,1.5305469997246555,,,,,,,,,,,
BAN429,Original,-138.1,0.1,21-30%,76-100%,,4.0,,3.061100146467988,,,,,,,,,,,
BAN430,Original,-138.1,0.1,21-30%,76-100%,,4.0,,3.061100146467988,,,,,,,,,,,
BAN431,Original,-138.1,0.1,41-50%,76-100%,,4.0,,3.061100146467988,,,,,,,,,,,
BAN432,Original,-138.1,0.1,41-50%,51-75%,,3.0,,2.2958371011935386,,,,,,,,,,,
BAN433,Original,-138.1,0.1,41-50%,76-100%,,4.0,,3.061100146467988,,,,,,,,,,,
BAN434,Original,-138.1,0.1,41-50%,76-100%,,4.0,,3.061100146467988,,,,,,,,,,,
BAN435,Original,-138.1,0.1,41-50%,76-100%,,4.0,,3.061100146467988,,,,,,,,,,,
BAN436,Original,-138.1,0.1,41-50%,51-75%,,3.0,,2.2958371011935386,,,,,,,,,,,
BAN437,Original,-138.1,0.1,41-50%,51-75%,,3.0,,2.2958371011935386,,,,,,,,,,,
BAN438,Original,-138.1,0.1,41-50%,51-75%,,3.0,,2.2958371011935386,,,,,,,,,,,
BAN439,Original,-138.1,0.1,41-50%,51-75%,,3.0,,2.2958371011935386,,,,,,,,,,,
BAN440,Original,-138.1,0.1,41-50%,51-75%,,3.0,,2.2958371011935386,,,,,,,,,,,
BAN441,Original,-138.1,0.1,21-30%,51-75%,,3.0,,2.2958371011935386,,,,,,,,,,,
BAN442,Original,-138.1,0.1,41-50%,51-75%,,3.0,,2.2958371011935386,,,,,,,,,,,
BAN443,Original,-138.1,0.1,41-50%,76-100%,,4.0,,3.061100146467988,,,,,,,,,,,
BAN444,Original,-138.1,0.1,21-30%,51-75%,,3.0,,2.2958371011935386,,,,,,,,,,,
BAN445,Original,-138.1,0.1,21-30%,51-75%,,3.0,,2.2958371011935386,,,,,,,,,,,
BAN446,Original,-138.1,0.1,61-70%,76-100%,,4.0,,3.061100146467988,,,,,,,,,,,
BAN447,Original,-138.1,0.1,51-60%,76-100%,,4.0,,3.061100146467988,,,,,,,,,,,
BAN448,Original,-138.1,0.1,41-50%,76-100%,,4.0,,3.061100146467988,,,,,,,,,,,
BAN449,Original,-138.1,0.1,41-50%,51-75%,,3.0,,2.2958371011935386,,,,,,,,,,,
BAN450,Original,-138.1,0.1,41-50%,51-75%,,3.0,,2.2958371011935386,,,,,,,,,,,
BAN451,Original,-138.1,0.1,41-50%,51-75%,,3.0,,2.2958371011935386,,,,,,,,,,,
BAN452,Original,-138.1,0.1,41-50%,51-75%,,3.0,,2.2958371011935386,,,,,,,,,,,
BAN453,Original,-138.1,0.1,21-30%,76-100%,,4.0,,3.061100146467988,,,,,,,,,,,
BAN454,Original,-133.1,0.1,21-30%,51-75%,,3.0,,2.2958371011935386,,,,,,,,,,,
BAN455,Original,-133.1,0.1,21-30%,51-75%,,3.0,,2.2958371011935386,,,,,,,,,,,
BAN456,Original,-133.1,0.1,61-70%,76-100%,,4.0,,3.061100146467988,,,,,,,,,,,
BAN457,Original,-133.1,0.1,0-5%,1-25%,,1.0,,0.7652696676314977,,,,,,,,,,,
BAN458,Original,-128.1,0.1,,51-75%,,3.0,,2.2958371011935386,,,,,,,,,,,
BAN459,Original,-128.1,0.1,,51-75%,,3.0,,2.2958371011935386,,,,,,,,,,,
BAN460,Original,-138.1,0.1,,26-50%,,2.0,,1.5305469997246555,,,,,,,,,,,
BAN461,Original,-138.1,0.1,,51-75%,,3.0,,2.2958371011935386,,,,,,,,,,,
BAN462,Original,-138.1,0.1,,51-75%,,3.0,,2.2958371011935386,,,,,,,,,,,
BAN463,Original,-130.6,0.1,,51-75%,,3.0,,2.2958371011935386,,,,,,,,,,,
BAN464,Original,-135.6,0.1,,51-75%,,3.0,,2.2958371011935386,,,,,,,,,,,
BAN465,Original,-130.6,0.1,,51-75%,,3.0,,2.2958371011935386,,,,,,,,,,,
BAN466,Original,-135.6,0.1,,76-100%,,4.0,,3.061100146467988,,,,,,,,,,,
BAN467,Original,-130.6,0.1,,76-100%,,4.0,,3.061100146467988,,,,,,,,,,,
BAN468,Original,-135.6,0.1,,51-75%,,3.0,,2.2958371011935386,,,,,,,,,,,
BAN469,Original,-138.1,0.1,,26-50%,,2.0,,1.5305469997246555,,,,,,,,,,,
BAN470,Original,-138.1,0.1,,26-50%,,2.0,,1.5305469997246555,,,,,,,,,,,
BAN471,Original,-138.1,0.1,,26-50%,,2.0,,1.5305469997246555,,,,,,,,,,,
BAN472,Original,-128.1,0.1,,51-75%,,3.0,,2.2958371011935386,,,,,,,,,,,
BAN473,Original,-128.1,0.1,,51-75%,,3.0,,2.2958371011935386,,,,,,,,,,,
BAN474,Original,-130.6,0.1,,26-50%,,2.0,,1.5305469997246555,,,,,,,,,,,
BAN475,Original,-135.6,0.1,,26-50%,,2.0,,1.5305469997246555,,,,,,,,,,,
BAN476,Original,-130.6,0.1,,26-50%,,2.0,,1.5305469997246555,,,,,,,,,,,
BAN477,Original,-135.6,0.1,,26-50%,,2.0,,1.5305469997246555,,,,,,,,,,,
BAN478,Original,-130.6,0.1,,76-100%,,4.0,,3.061100146467988,,,,,,,,,,,
BAN479,Original,-135.6,0.1,,26-50%,,2.0,,1.5305469997246555,,,,,,,,,,,
BAN480,Original,-128.1,0.1,,76-100%,,4.0,,3.061100146467988,,,,,,,,,,,
BAN481,Original,-131.2,0.1,,76-100%,,4.0,,3.061100146467988,,,,,,,,,,,
BAN482,Original,-128.1,0.1,,76-100%,,4.0,,3.061100146467988,,,,,,,,,,,
BAN483,Original,-138.1,0.1,,51-75%,,3.0,,2.2958371011935386,,,,,,,,,,,
BAN484,Original,-138.1,0.1,,76-100%,,4.0,,3.061100146467988,,,,,,,,,,,
BAN485,Original,-130.6,0.1,,76-100%,,4.0,,3.061100146467988,,,,,,,,,,,
BAN486,Original,-135.6,0.1,,51-75%,,3.0,,2.2958371011935386,,,,,,,,,,,
BAN487,Original,-130.6,0.1,,51-75%,,3.0,,2.2958371011935386,,,,,,,,,,,
BAN488,Original,-135.6,0.1,,76-100%,,4.0,,3.061100146467988,,,,,,,,,,,
BAN489,Original,-130.6,0.1,,51-75%,,3.0,,2.2958371011935386,,,,,,,,,,,
BAN490,Original,-135.6,0.1,,51-75%,,3.0,,2.2958371011935386,,,,,,,,,,,
BAN491,Original,-138.1,0.1,,51-75%,,3.0,,2.2958371011935386,,,,,,,,,,,
BAN492,Original,-138.1,0.1,,51-75%,,3.0,,2.2958371011935386,,,,,,,,,,,
BAN493,Original,-138.1,0.1,,51-75%,,3.0,,2.2958371011935386,,,,,,,,,,,
BAN494,Original,-128.1,0.1,,51-75%,,3.0,,2.2958371011935386,,,,,,,,,,,
BAN495,Original,-128.1,0.1,,51-75%,,3.0,,2.2958371011935386,,,,,,,,,,,
BAN496,Original,-130.6,0.1,,76-100%,,4.0,,3.061100146467988,,,,,,,,,,,
BAN497,Original,-135.6,0.1,,76-100%,,4.0,,3.061100146467988,,,,,,,,,,,
BAN498,Original,-130.6,0.1,,76-100%,,4.0,,3.061100146467988,,,,,,,,,,,
BAN499,Original,-135.6,0.1,,51-75%,,3.0,,2.2958371011935386,,,,,,,,,,,
BAN500,Original,-130.6,0.1,,51-75%,,3.0,,2.2958371011935386,,,,,,,,,,,
BAN501,Original,-135.6,0.1,,51-75%,,3.0,,2.2958371011935386,,,,,,,,,,,
,,,,,,,,,,,,,,,,,,,,
,,,,,,,,,,,,,,,,,,,,
SLED-1-BAN001,Retrofit,-138.1,,,,,1.0,,0.0,,,,,,,,,,,
SLED-1-BAN002,Retrofit,-138.1,,,,,1.0,,0.0,,,,,,,,,,,
SLED-1-BAN003,Retrofit,-138.1,,,,,1.0,,0.0,,,,,,,,,,,
SLED-1-BAN004,Retrofit,-138.1,,,,,1.0,,0.0,,,,,,,,,,,
SLED-1-BAN005,Retrofit,-138.1,,,,,1.0,,0.0,,,,,,,,,,,
SLED-1-BAN006,Retrofit,-138.1,,,,,1.0,,0.0,,,,,,,,,,,
SLED-1-BAN007,Retrofit,-138.1,,,,,1.0,,0.0,,,,,,,,,,,
SLED-1-BAN008,Retrofit,-138.1,,,,,1.0,,0.0,,,,,,,,,,,
SLED-1-BAN009,Retrofit,-138.1,,,,,1.0,,0.0,,,,,,,,,,,
SLED-1-BAN010,Retrofit,-138.1,,,,,1.0,,0.0,,,,,,,,,,,
SLED-2-BAN001,Retrofit,-138.1,,,,,1.0,,0.0,,,,,,,,,,,
SLED-2-BAN002,Retrofit,-138.1,,,,,1.0,,0.0,,,,,,,,,,,
SLED-2-BAN003,Retrofit,-138.1,,,,,1.0,,0.0,,,,,,,,,,,
SLED-2-BAN004,Retrofit,-138.1,,,,,1.0,,0.0,,,,,,,,,,,
SLED-2-BAN005,Retrofit,-138.1,,,,,1.0,,0.0,,,,,,,,,,,
SLED-3-BAN001,Retrofit,-138.1,,,,1-25%,1.0,,2.440122387217771,,,,,,,,,,,
SLED-3-BAN002,Retrofit,-138.1,,,,1-25%,1.0,,2.440122387217771,,,,,,,,,,,
SLED-3-BAN003,Retrofit,-138.1,,,,1-25%,1.0,,2.440122387217771,,,,,,,,,,,
SLED-3-BAN004,Retrofit,-138.1,,,,1-25%,1.0,,2.440122387217771,,,,,,,,,,,
SLED-3-BAN005,Retrofit,-138.1,,,,1-25%,1.0,,2.440122387217771,,,,,,,,,,,
SLED-4-BAN001,Retrofit,-138.1,,,,1-25%,1.0,,2.440122387217771,,,,,,,,,,,
SLED-4-BAN002,Retrofit,-138.1,,,,1-25%,1.0,,2.440122387217771,,,,,,,,,,,
SLED-4-BAN003,Retrofit,-138.1,,,,1-25%,1.0,,2.440122387217771,,,,,,,,,,,
SLED-4-BAN004,Retrofit,-138.1,,,,1-25%,1.0,,2.440122387217771,,,,,,,,,,,
SLED-4-BAN005,Retrofit,-138.1,,,,1-25%,1.0,,2.440122387217771,,,,,,,,,,,
SLED-5-BAN001,Retrofit,-138.1,,,,1-25%,1.0,,2.440122387217771,,,,,,,,,,,
SLED-5-BAN002,Retrofit,-138.1,,,,1-25%,1.0,,2.440122387217771,,,,,,,,,,,
SLED-5-BAN003,Retrofit,-138.1,,,,1-25%,1.0,,2.440122387217771,,,,,,,,,,,
SLED-5-BAN004,Retrofit,-138.1,,,,1-25%,1.0,,2.440122387217771,,,,,,,,,,,
SLED-5-BAN005,Retrofit,-138.1,,,,1-25%,1.0,,2.440122387217771,,,,,,,,,,,
SLED-5-BAN006,Retrofit,-138.1,,,,1-25%,1.0,,2.440122387217771,,,,,,,,,,,
SLED-5-BAN007,Retrofit,-138.1,,,,1-25%,1.0,,2.440122387217771,,,,,,,,,,,
SLED-5-BAN008,Retrofit,-138.1,,,,1-25%,1.0,,2.440122387217771,,,,,,,,,,,
SLED-5-BAN009,Retrofit,-138.1,,,,1-25%,1.0,,2.440122387217771,,,,,,,,,,,
SLED-5-BAN010,Retrofit,-138.1,,,,1-25%,1.0,,2.440122387217771,,,,,,,,,,,
SLED-6-BAN001,Retrofit,-138.1,,,,1-25%,1.0,,2.440122387217771,,,,,,,,,,,
SLED-6-BAN002,Retrofit,-138.1,,,,1-25%,1.0,,2.440122387217771,,,,,,,,,,,
SLED-6-BAN003,Retrofit,-138.1,,,,1-25%,1.0,,2.440122387217771,,,,,,,,,,,
SLED-6-BAN004,Retrofit,-138.1,,,,1-25%,1.0,,2.440122387217771,,,,,,,,,,,
SLED-6-BAN005,Retrofit,-138.1,,,,1-25%,1.0,,2.440122387217771,,,,,,,,,,,
SLED-6-BAN006,Retrofit,-138.1,,,,1-25%,1.0,,2.440122387217771,,,,,,,,,,,
SLED-6-BAN007,Retrofit,-138.1,,,,1-25%,1.0,,2.440122387217771,,,,,,,,,,,
SLED-6-BAN008,Retrofit,-138.1,,,,1-25%,1.0,,2.440122387217771,,,,,,,,,,,
SLED-6-BAN009,Retrofit,-138.1,,,,1-25%,1.0,,2.440122387217771,,,,,,,,,,,
SLED-6-BAN010,Retrofit,-138.1,,,,1-25%,1.0,,2.440122387217771,,,,,,,,,,,
BAN196A,Retrofit,-75.5,,,,1-25%,1.0,,2.440122387217771,,,,,,,,,,,
BAN262A,Retrofit,-96.63,,,,1-25%,1.0,,2.440122387217771,,,,,,,,,,,
BAN264A,Retrofit,-106.13,,,,1-25%,1.0,,2.440122387217771,,,,,,,,,,,
BAN274A,Retrofit,-94.25,,,,1-25%,1.0,,2.440122387217771,,,,,,,,,,,
BAN276A,Retrofit,-106.65,,,,1-25%,1.0,,2.440122387217771,,,,,,,,,,,
BAN278A,Retrofit,-94.25,,,,1-25%,1.0,,2.440122387217771,,,,,,,,,,,
BAN290A,Retrofit,-96.63,,,,1-25%,1.0,,2.440122387217771,,,,,,,,,,,
BAN292A,Retrofit,-106.13,,,,1-25%,1.0,,2.440122387217771,,,,,,,,,,,
BAN307A,Retrofit,-97.81,,,,1-25%,1.0,,2.440122387217771,,,,,,,,,,,
BAN315A,Retrofit,-97.81,,,,,1.0,,0.0,,,,,,,,,,,
BAN360A,Retrofit,-112.6,,,,1-25%,1.0,,2.440122387217771,,,,,,,,,,,
BAN363A,Retrofit,-117.73,,,,1-25%,1.0,,2.440122387217771,,,,,,,,,,,
BAN374A,Retrofit,-117.73,,,,,1.0,,0.0,,,,,,,,,,,
BAN391A,Retrofit,-116.7,,,,1-25%,1.0,,2.440122387217771,,,,,,,,,,,
BAN400A,Retrofit,-119.6,,,,,1.0,,0.0,,,,,,,,,,,
